METHOD	PATH	HANDLER	SHAPE
DELETE	/api/dingtalk-app/accounts/:id	hivemtk-user/internal/controller.(*DingTalkAppAccountController).Delete-fm	/api/dingtalk-app/accounts/*
DELETE	/api/geo/dicts/:category/:key	hivemtk-user/internal/geo/controller.(*DictController).Delete-fm	/api/geo/dicts/*/*
DELETE	/api/rag/documents/:id	hivemtk-user/internal/aiagent/knowledge/controller.(*KnowledgeBaseController).DeleteDocument-fm	/api/rag/documents/*
DELETE	/api/sms/unsubscribe/:phone	hivemtk-user/internal/controller.(*SmsUnsubscribeController).DeleteByPhone-fm	/api/sms/unsubscribe/*
DELETE	/api/wechat/accounts/:id	hivemtk-user/internal/controller.(*WechatController).DeleteAccount-fm	/api/wechat/accounts/*
DELETE	/api/whatsapp-cloud/accounts/:id	hivemtk-user/internal/controller.(*WhatsAppCloudAccountController).Delete-fm	/api/whatsapp-cloud/accounts/*
GET	/api/ab-experiments/:id/results-with-reach	hivemtk-user/internal/ops/controller.(*ABExperimentController).GetResultsWithReach-fm	/api/ab-experiments/*/results-with-reach
GET	/api/agent-kb-bindings/agent/:aid	hivemtk-user/internal/controller.(*AgentKBBindingController).ListByAgent-fm	/api/agent-kb-bindings/agent/*
GET	/api/agent-kb-bindings/kb/:kid	hivemtk-user/internal/controller.(*AgentKBBindingController).ListByKB-fm	/api/agent-kb-bindings/kb/*
GET	/api/agent/co-pilot/config	hivemtk-user/internal/controller.(*AgentCoPilotController).GetConfig-fm	/api/agent/co-pilot/config
GET	/api/agent/inference/stats	hivemtk-user/internal/app.handleInferenceStats	/api/agent/inference/stats
GET	/api/agent/tools/approval	hivemtk-user/internal/router.handleToolApprovalState	/api/agent/tools/approval
GET	/api/agent/tools/circuit	hivemtk-user/internal/router.handleToolCircuitState	/api/agent/tools/circuit
GET	/api/agent/tools/reach-gate	hivemtk-user/internal/router.handleReachGateState	/api/agent/tools/reach-gate
GET	/api/agent/tools/risk	hivemtk-user/internal/router.handleToolRiskReport	/api/agent/tools/risk
GET	/api/ai-content/history	hivemtk-user/internal/content/controller.(*AIContentController).GetGenerationHistory-fm	/api/ai-content/history
GET	/api/ai-content/templates/:id	hivemtk-user/internal/content/controller.(*AIContentController).GetTemplateByID-fm	/api/ai-content/templates/*
GET	/api/approvals/:id	hivemtk-user/internal/controller.(*ApprovalController).Get-fm	/api/approvals/*
GET	/api/backups/stats	hivemtk-user/internal/controller.(*BackupGapController).Stats-fm	/api/backups/stats
GET	/api/bad-cases/:id	hivemtk-user/internal/controller.(*BadCaseController).Get-fm	/api/bad-cases/*
GET	/api/bill/:id	hivemtk-user/internal/controller.(*BillController).View-fm	/api/bill/*
GET	/api/bill/of-quote/:quote_id	hivemtk-user/internal/controller.(*BillController).OfQuote-fm	/api/bill/of-quote/*
GET	/api/chat/typing-predict/sse	hivemtk-user/internal/controller.(*TypingPredictController).SSEStream-fm	/api/chat/typing-predict/sse
GET	/api/churn-prediction/list	hivemtk-user/internal/ops/controller.(*ChurnPredictionController).GetChurnPredictions-fm	/api/churn-prediction/list
GET	/api/churn-prediction/unhandled-warnings	hivemtk-user/internal/ops/controller.(*ChurnPredictionController).GetUnhandledWarnings-fm	/api/churn-prediction/unhandled-warnings
GET	/api/conversion-funnel/list	hivemtk-user/internal/ops/controller.(*ConversionFunnelController).GetFunnel-fm	/api/conversion-funnel/list
GET	/api/conversion-funnels/list	hivemtk-user/internal/ops/controller.(*ConversionFunnelController).GetFunnel-fm	/api/conversion-funnels/list
GET	/api/custom-reports/:id/export	hivemtk-user/internal/ops/controller.(*CustomReportController).ExportCSV-fm	/api/custom-reports/*/export
GET	/api/customer-sessions/list	hivemtk-user/internal/controller.(*CustomerSessionController).GetSessions-fm	/api/customer-sessions/list
GET	/api/dashboard-screens/:id	hivemtk-user/internal/ops/controller.(*DashboardScreenController).GetScreenByID-fm	/api/dashboard-screens/*
GET	/api/dashboard-screens/:id/activities	hivemtk-user/internal/ops/controller.(*DashboardScreenController).GetRealtimeActivities-fm	/api/dashboard-screens/*/activities
GET	/api/dashboard-screens/:id/data	hivemtk-user/internal/ops/controller.(*DashboardScreenController).GetDashboardData-fm	/api/dashboard-screens/*/data
GET	/api/dashboard-screens/list	hivemtk-user/internal/ops/controller.(*DashboardScreenController).GetScreenList-fm	/api/dashboard-screens/list
GET	/api/dashboards/:id/data	hivemtk-user/internal/ops/controller.(*DashboardScreenController).GetDashboardData-fm	/api/dashboards/*/data
GET	/api/dashboards/list	hivemtk-user/internal/ops/controller.(*DashboardScreenController).GetScreenList-fm	/api/dashboards/list
GET	/api/dashboards/metrics	hivemtk-user/internal/controller.(*DashboardSSEController).Metrics-fm	/api/dashboards/metrics
GET	/api/dashboards/snapshot	hivemtk-user/internal/controller.(*DashboardSSEController).Snapshot-fm	/api/dashboards/snapshot
GET	/api/dashboards/stream	hivemtk-user/internal/controller.(*DashboardSSEController).StreamEventStream-fm	/api/dashboards/stream
GET	/api/dingtalk-app/accounts/:id	hivemtk-user/internal/controller.(*DingTalkAppAccountController).Get-fm	/api/dingtalk-app/accounts/*
GET	/api/domain-pool/list	hivemtk-user/internal/controller.(*DomainPoolController).List-fm	/api/domain-pool/list
GET	/api/email/lists	hivemtk-user/internal/controller.(*EmailListController).GetEmailListList-fm	/api/email/lists
GET	/api/email/lists/:id	hivemtk-user/internal/controller.(*EmailListController).GetEmailListDetail-fm	/api/email/lists/*
GET	/api/email/lists/list	hivemtk-user/internal/controller.(*EmailListController).GetEmailListList-fm	/api/email/lists/list
GET	/api/email/smtps	hivemtk-user/internal/controller.(*EmailSmtpController).GetEmailSmtpList-fm	/api/email/smtps
GET	/api/email/smtps/:id	hivemtk-user/internal/controller.(*EmailSmtpController).GetEmailSmtp-fm	/api/email/smtps/*
GET	/api/email/smtps/list	hivemtk-user/internal/controller.(*EmailSmtpController).GetEmailSmtpList-fm	/api/email/smtps/list
GET	/api/email/track/click/:token	hivemtk-user/internal/controller.(*EmailTrackingController).ClickRedirect-fm	/api/email/track/click/*
GET	/api/email/track/jobs/:id/events	hivemtk-user/internal/controller.(*EmailTrackingController).ListJobEvents-fm	/api/email/track/jobs/*/events
GET	/api/email/track/jobs/:id/metrics	hivemtk-user/internal/controller.(*EmailTrackingController).GetJobMetrics-fm	/api/email/track/jobs/*/metrics
GET	/api/email/track/metrics	hivemtk-user/internal/controller.(*EmailTrackingController).GetRangeMetrics-fm	/api/email/track/metrics
GET	/api/email/track/open-metrics	hivemtk-user/internal/controller.(*EmailOpenTrackerController).GetOpenMetrics-fm	/api/email/track/open-metrics
GET	/api/email/track/open/:token	hivemtk-user/internal/controller.(*EmailTrackingController).TrackingPixel-fm	/api/email/track/open/*
GET	/api/email/unsubscribe	hivemtk-user/internal/controller.(*EmailUnsubscribeController).UnsubscribePage-fm	/api/email/unsubscribe
GET	/api/email/unsubscribe/export	hivemtk-user/internal/controller.(*EmailUnsubscribeController).ExportUnsubscribes-fm	/api/email/unsubscribe/export
GET	/api/email/unsubscribe/list	hivemtk-user/internal/controller.(*EmailUnsubscribeController).ListUnsubscribes-fm	/api/email/unsubscribe/list
GET	/api/feishu/accounts/list	hivemtk-user/internal/controller.(*FeishuAccountController).List-fm	/api/feishu/accounts/list
GET	/api/geo/citations/domains	hivemtk-user/internal/geo/controller.(*CitationController).Domains-fm	/api/geo/citations/domains
GET	/api/geo/citations/matrix	hivemtk-user/internal/geo/controller.(*CitationController).Matrix-fm	/api/geo/citations/matrix
GET	/api/geo/dicts	hivemtk-user/internal/geo/controller.(*DictController).List-fm	/api/geo/dicts
GET	/api/geo/jobs	hivemtk-user/internal/geo/controller.(*JobController).List-fm	/api/geo/jobs
GET	/api/geo/jobs/runs	hivemtk-user/internal/geo/controller.(*JobController).Runs-fm	/api/geo/jobs/runs
GET	/api/geo/opportunities	hivemtk-user/internal/geo/controller.(*OpportunityController).List-fm	/api/geo/opportunities
GET	/api/geo/seed-terms	hivemtk-user/internal/geo/controller.(*SeedTermController).List-fm	/api/geo/seed-terms
GET	/api/geo/visibility/trend	hivemtk-user/internal/geo/controller.(*VisibilityController).Trend-fm	/api/geo/visibility/trend
GET	/api/human-tasks/:id	hivemtk-user/internal/controller.(*HumanTaskController).Get-fm	/api/human-tasks/*
GET	/api/i18n/stats/fallback	hivemtk-user/internal/controller.(*I18nStatsController).GetFallbackRate-fm	/api/i18n/stats/fallback
GET	/api/integrations/categories	hivemtk-user/internal/controller.(*IntegrationController).GetCategories-fm	/api/integrations/categories
GET	/api/integrations/list	hivemtk-user/internal/controller.(*IntegrationController).GetAccountList-fm	/api/integrations/list
GET	/api/integrations/templates	hivemtk-user/internal/controller.(*IntegrationController).GetTemplates-fm	/api/integrations/templates
GET	/api/knowledge-bases/:id/versions	hivemtk-user/internal/controller.(*KnowledgeBaseController).VersionInfo-fm	/api/knowledge-bases/*/versions
GET	/api/knowledge-bases/by-agent/:aid	hivemtk-user/internal/controller.(*KnowledgeBaseController).ListByAgent-fm	/api/knowledge-bases/by-agent/*
GET	/api/knowledge/document-types	hivemtk-user/internal/aiagent/knowledge/controller.(*KnowledgeWorkspaceController).ListDocumentTypes-fm	/api/knowledge/document-types
GET	/api/knowledge/help-center/top	hivemtk-user/internal/controller.(*HelpCenterController).TopArticles-fm	/api/knowledge/help-center/top
GET	/api/knowledge/playground/presets	hivemtk-user/internal/controller.(*EmailGapController).PlaygroundPresets-fm	/api/knowledge/playground/presets
GET	/api/manage/co-pilot/config	hivemtk-user/internal/controller.(*ManageCoPilotController).GetConfig-fm	/api/manage/co-pilot/config
GET	/api/manage/data-export/:customer_id	hivemtk-user/internal/controller.(*ManageDataExportController).Export-fm	/api/manage/data-export/*
GET	/api/manage/ltc/collection	hivemtk-user/internal/router.handleCollectionStatusGet	/api/manage/ltc/collection
GET	/api/manage/rag-eval/runs	hivemtk-user/internal/controller.(*ManageRagEvalController).List-fm	/api/manage/rag-eval/runs
GET	/api/manage/rag-eval/runs/:id	hivemtk-user/internal/controller.(*ManageRagEvalController).Detail-fm	/api/manage/rag-eval/runs/*
GET	/api/manage/rules	hivemtk-user/internal/controller.(*HandoffChainController).ListRules-fm	/api/manage/rules
GET	/api/manage/session-chain/sla-config	hivemtk-user/internal/controller.(*HandoffChainController).GetAutoResolveConfig-fm	/api/manage/session-chain/sla-config
GET	/api/manage/slo	hivemtk-user/internal/controller.(*SLOController).List-fm	/api/manage/slo
GET	/api/manage/typing-predict	hivemtk-user/internal/controller.(*ManageTypingPredictController).Predict-fm	/api/manage/typing-predict
GET	/api/marketing-flows/executions	hivemtk-user/internal/content/controller.(*MarketingFlowController).GetExecutionList-fm	/api/marketing-flows/executions
GET	/api/marketing-flows/executions/stats	hivemtk-user/internal/content/controller.(*MarketingFlowController).GetExecutionStats-fm	/api/marketing-flows/executions/stats
GET	/api/marketing-flows/list	hivemtk-user/internal/content/controller.(*MarketingFlowController).GetFlowList-fm	/api/marketing-flows/list
GET	/api/notifications/list	hivemtk-user/internal/controller.(*NotificationController).List-fm	/api/notifications/list
GET	/api/oneid/conflicts	hivemtk-user/internal/controller.(*CustomerOneIDController).ListConflicts-fm	/api/oneid/conflicts
GET	/api/oneid/identities	hivemtk-user/internal/controller.(*CustomerOneIDController).ListOneID-fm	/api/oneid/identities
GET	/api/operation-logs/list	hivemtk-user/internal/controller.(*OperationLogController).GetList-fm	/api/operation-logs/list
GET	/api/opportunity/:id/moves	hivemtk-user/internal/controller.(*OpportunityController).Moves-fm	/api/opportunity/*/moves
GET	/api/opportunity/rules	hivemtk-user/internal/controller.(*OpportunityController).Rules-fm	/api/opportunity/rules
GET	/api/quick-replies/list	hivemtk-user/internal/controller.(*QuickReplyController).GetReplies-fm	/api/quick-replies/list
GET	/api/quote/latest/:quoteID	hivemtk-user/internal/controller.(*QuoteController).Latest-fm	/api/quote/latest/*
GET	/api/quote/version/:quoteID/:version	hivemtk-user/internal/controller.(*QuoteController).Version-fm	/api/quote/version/*/*
GET	/api/rag/documents/:id	hivemtk-user/internal/aiagent/knowledge/controller.(*KnowledgeBaseController).GetDocument-fm	/api/rag/documents/*
GET	/api/rag/health/refresh	hivemtk-user/internal/controller.(*RagHealthController).RefreshHealth-fm	/api/rag/health/refresh
GET	/api/reach/jobs/with-experiment	hivemtk-user/internal/controller.(*ReachPipelineController).ListJobsWithExperiment-fm	/api/reach/jobs/with-experiment
GET	/api/script-templates/categories	hivemtk-user/internal/content/controller.(*ScriptTemplateController).GetCategories-fm	/api/script-templates/categories
GET	/api/script-templates/list	hivemtk-user/internal/content/controller.(*ScriptTemplateController).GetTemplateList-fm	/api/script-templates/list
GET	/api/script-templates/public	hivemtk-user/internal/content/controller.(*ScriptTemplateController).GetPublicTemplates-fm	/api/script-templates/public
GET	/api/script-templates/search	hivemtk-user/internal/content/controller.(*ScriptTemplateController).SearchTemplates-fm	/api/script-templates/search
GET	/api/short-links/:id	hivemtk-user/internal/controller.(*ShortLinkController).GetByID-fm	/api/short-links/*
GET	/api/short-links/list	hivemtk-user/internal/controller.(*ShortLinkController).GetList-fm	/api/short-links/list
GET	/api/sms/configs	hivemtk-user/internal/controller.(*SmsController).GetConfig-fm	/api/sms/configs
GET	/api/sms/configs/list	hivemtk-user/internal/controller.(*SmsController).GetConfig-fm	/api/sms/configs/list
GET	/api/sms/delivery/carrier/:phone	hivemtk-user/internal/controller.(*SmsDeliveryTrackerController).DetectCarrierByPrefix-fm	/api/sms/delivery/carrier/*
GET	/api/sms/delivery/metrics	hivemtk-user/internal/controller.(*SmsDeliveryTrackerController).GetMetrics-fm	/api/sms/delivery/metrics
GET	/api/sms/delivery/portability	hivemtk-user/internal/controller.(*SmsDeliveryTrackerController).ListPortability-fm	/api/sms/delivery/portability
GET	/api/sms/delivery/portability/:phone	hivemtk-user/internal/controller.(*SmsDeliveryTrackerController).GetCarrier-fm	/api/sms/delivery/portability/*
GET	/api/sms/drafts/list	hivemtk-user/internal/controller.(*SmsController).GetDraftList-fm	/api/sms/drafts/list
GET	/api/sms/jobs	hivemtk-user/internal/controller.(*SmsController).GetJobList-fm	/api/sms/jobs
GET	/api/sms/jobs/list	hivemtk-user/internal/controller.(*SmsController).GetJobList-fm	/api/sms/jobs/list
GET	/api/sms/records	hivemtk-user/internal/controller.(*SmsController).GetSmsList-fm	/api/sms/records
GET	/api/sms/records/list	hivemtk-user/internal/controller.(*SmsController).GetSmsList-fm	/api/sms/records/list
GET	/api/sms/unsubscribe/export	hivemtk-user/internal/controller.(*SmsUnsubscribeController).ExportUnsubscribes-fm	/api/sms/unsubscribe/export
GET	/api/sms/unsubscribe/list	hivemtk-user/internal/controller.(*SmsUnsubscribeController).ListUnsubscribes-fm	/api/sms/unsubscribe/list
GET	/api/sop-agents/list	hivemtk-user/internal/controller.(*SOPController).List-fm	/api/sop-agents/list
GET	/api/sop-agents/stats	hivemtk-user/internal/controller.(*SOPController).Stats-fm	/api/sop-agents/stats
GET	/api/sop/:id/heatmap	hivemtk-user/internal/controller.(*SopHeatmapController).GetHeatmap-fm	/api/sop/*/heatmap
GET	/api/system/configs	hivemtk-user/internal/controller.(*SystemConfigController).GetConfig-fm	/api/system/configs
GET	/api/system/configs/:key	hivemtk-user/internal/controller.(*SystemConfigController).GetConfig-fm	/api/system/configs/*
GET	/api/system/configs/list	hivemtk-user/internal/controller.(*SystemConfigController).GetConfig-fm	/api/system/configs/list
GET	/api/system/menus	hivemtk-user/internal/controller.(*SystemInfoController).SystemMenus-fm	/api/system/menus
GET	/api/system/rate-quota	hivemtk-user/internal/controller.(*RateQuotaController).GetRateQuota-fm	/api/system/rate-quota
GET	/api/telegram/accounts/:id/status	hivemtk-user/internal/controller.(*TelegramAccountController).Status-fm	/api/telegram/accounts/*/status
GET	/api/telegram/accounts/list	hivemtk-user/internal/controller.(*TelegramAccountController).List-fm	/api/telegram/accounts/list
GET	/api/unified-messages/list	hivemtk-user/internal/controller.(*UnifiedMessageController).GetMessages-fm	/api/unified-messages/list
GET	/api/user-segments/layers	hivemtk-user/internal/controller.(*UserSegmentController).GetLayerDescription-fm	/api/user-segments/layers
GET	/api/user-segments/list	hivemtk-user/internal/controller.(*UserSegmentController).ListRFMRules-fm	/api/user-segments/list
GET	/api/user-segments/rfm/list	hivemtk-user/internal/controller.(*UserSegmentController).GetRFMList-fm	/api/user-segments/rfm/list
GET	/api/whatsapp-cloud/accounts/:id	hivemtk-user/internal/controller.(*WhatsAppCloudAccountController).Get-fm	/api/whatsapp-cloud/accounts/*
GET	/chat/embed/*path	hivemtk-user/internal/router.setupEmbedStaticRoutes.func1	/chat/embed/*path
PATCH	/api/knowledge/documents/:id/help-center-status	hivemtk-user/internal/controller.(*HelpCenterController).SetStatus-fm	/api/knowledge/documents/*/help-center-status
POST	/api/ab-experiments/reach-metrics	hivemtk-user/internal/ops/controller.(*ABExperimentController).PostReachMetrics-fm	/api/ab-experiments/reach-metrics
POST	/api/agent-kb-bindings/batch	hivemtk-user/internal/controller.(*AgentKBBindingController).BatchBind-fm	/api/agent-kb-bindings/batch
POST	/api/agent/co-pilot/evaluate	hivemtk-user/internal/controller.(*AgentCoPilotController).Evaluate-fm	/api/agent/co-pilot/evaluate
POST	/api/agent/inference/run	hivemtk-user/internal/app.handleInferenceRun	/api/agent/inference/run
POST	/api/agent/lifecycle/run	hivemtk-user/internal/app.handleAgentLifecycleRun	/api/agent/lifecycle/run
POST	/api/agent/tools/approval/whitelist	hivemtk-user/internal/router.handleToolApprovalWhitelist	/api/agent/tools/approval/whitelist
POST	/api/ai-content/:id/favorite	hivemtk-user/internal/content/controller.(*AIContentController).FavoriteRecord-fm	/api/ai-content/*/favorite
POST	/api/ai-content/:id/rate	hivemtk-user/internal/content/controller.(*AIContentController).RateRecord-fm	/api/ai-content/*/rate
POST	/api/bad-cases/:id/dismiss	hivemtk-user/internal/controller.(*BadCaseController).Dismiss-fm	/api/bad-cases/*/dismiss
POST	/api/bad-cases/:id/label	hivemtk-user/internal/controller.(*BadCaseController).Label-fm	/api/bad-cases/*/label
POST	/api/bad-cases/export	hivemtk-user/internal/controller.(*BadCaseController).Export-fm	/api/bad-cases/export
POST	/api/chat/typing-predict/predict	hivemtk-user/internal/controller.(*TypingPredictController).Predict-fm	/api/chat/typing-predict/predict
POST	/api/clues/import/apply-suggestions	hivemtk-user/internal/controller.(*EmailGapController).ClueApplySuggestions-fm	/api/clues/import/apply-suggestions
POST	/api/customer-sessions/:id/apply-tag-rule	hivemtk-user/internal/controller.(*CustomerServicePlusController).ApplyTagRule-fm	/api/customer-sessions/*/apply-tag-rule
POST	/api/dingtalk-app/accounts/:id/test	hivemtk-user/internal/controller.(*DingTalkAppAccountController).Test-fm	/api/dingtalk-app/accounts/*/test
POST	/api/email/track/webhook/postmark	hivemtk-user/internal/controller.(*EmailOpenTrackerController).PostmarkWebhook-fm	/api/email/track/webhook/postmark
POST	/api/email/track/webhook/sendcloud	hivemtk-user/internal/controller.(*EmailOpenTrackerController).SendCloudWebhook-fm	/api/email/track/webhook/sendcloud
POST	/api/email/unsubscribe/confirm	hivemtk-user/internal/controller.(*EmailUnsubscribeController).UnsubscribeConfirm-fm	/api/email/unsubscribe/confirm
POST	/api/email/unsubscribe/resubscribe	hivemtk-user/internal/controller.(*EmailUnsubscribeController).Resubscribe-fm	/api/email/unsubscribe/resubscribe
POST	/api/faqs/annotate	hivemtk-user/internal/controller.(*FAQController).AnnotateFromSession-fm	/api/faqs/annotate
POST	/api/followups/:id/cancel	hivemtk-user/internal/controller.(*FollowUpController).Cancel-fm	/api/followups/*/cancel
POST	/api/followups/:id/complete	hivemtk-user/internal/controller.(*FollowUpController).Complete-fm	/api/followups/*/complete
POST	/api/geo/jobs/:name/trigger	hivemtk-user/internal/geo/controller.(*JobController).Trigger-fm	/api/geo/jobs/*/trigger
POST	/api/geo/keyword-enhance/enhance	hivemtk-user/internal/geo/controller.(*KeywordEnhanceController).Enhance-fm	/api/geo/keyword-enhance/enhance
POST	/api/geo/keyword-mining/pipeline	hivemtk-user/internal/geo/controller.(*KeywordMiningController).TriggerPipeline-fm	/api/geo/keyword-mining/pipeline
POST	/api/geo/probe/run-sov	hivemtk-user/internal/geo/controller.(*ProbeController).RunSOVRefresh-fm	/api/geo/probe/run-sov
POST	/api/geo/prompt/fanout	hivemtk-user/internal/geo/controller.(*VisibilityController).Fanout-fm	/api/geo/prompt/fanout
POST	/api/geo/seed-terms/reseed	hivemtk-user/internal/geo/controller.(*SeedTermController).Reseed-fm	/api/geo/seed-terms/reseed
POST	/api/geo/techconfig/audit	hivemtk-user/internal/geo/controller.(*TechMetricsController).AuditContent-fm	/api/geo/techconfig/audit
POST	/api/human-tasks/:id/cancel	hivemtk-user/internal/controller.(*HumanTaskController).Cancel-fm	/api/human-tasks/*/cancel
POST	/api/human-tasks/:id/claim	hivemtk-user/internal/controller.(*HumanTaskController).Claim-fm	/api/human-tasks/*/claim
POST	/api/human-tasks/:id/complete	hivemtk-user/internal/controller.(*HumanTaskController).Complete-fm	/api/human-tasks/*/complete
POST	/api/human-tasks/:id/release	hivemtk-user/internal/controller.(*HumanTaskController).Release-fm	/api/human-tasks/*/release
POST	/api/knowledge-bases/:id/bind	hivemtk-user/internal/controller.(*KnowledgeBaseController).BindToAgent-fm	/api/knowledge-bases/*/bind
POST	/api/knowledge-bases/:id/unbind	hivemtk-user/internal/controller.(*KnowledgeBaseController).UnbindFromAgent-fm	/api/knowledge-bases/*/unbind
POST	/api/knowledge-bases/:id/version	hivemtk-user/internal/controller.(*KnowledgeBaseController).SwitchVersion-fm	/api/knowledge-bases/*/version
POST	/api/knowledge/:id/import/crm	hivemtk-user/internal/aiagent/knowledge/controller.(*KnowledgeWorkspaceController).CRMImportToKB-fm	/api/knowledge/*/import/crm
POST	/api/knowledge/:id/import/dingtalk	hivemtk-user/internal/aiagent/knowledge/controller.(*KnowledgeWorkspaceController).DingtalkImportToKB-fm	/api/knowledge/*/import/dingtalk
POST	/api/knowledge/:id/import/feishu	hivemtk-user/internal/aiagent/knowledge/controller.(*KnowledgeWorkspaceController).FeishuImportToKB-fm	/api/knowledge/*/import/feishu
POST	/api/knowledge/:id/import/notion	hivemtk-user/internal/aiagent/knowledge/controller.(*KnowledgeWorkspaceController).NotionImportToKB-fm	/api/knowledge/*/import/notion
POST	/api/knowledge/:id/import/url	hivemtk-user/internal/aiagent/knowledge/controller.(*KnowledgeWorkspaceController).URLImportToKB-fm	/api/knowledge/*/import/url
POST	/api/knowledge/:id/upload	hivemtk-user/internal/aiagent/knowledge/controller.(*KnowledgeWorkspaceController).UploadImportToKB-fm	/api/knowledge/*/upload
POST	/api/knowledge/help-center/retrieval-test	hivemtk-user/internal/controller.(*HelpCenterController).RetrievalTest-fm	/api/knowledge/help-center/retrieval-test
POST	/api/knowledge/import/document	hivemtk-user/internal/aiagent/knowledge/controller.(*KnowledgeWorkspaceController).DocumentImport-fm	/api/knowledge/import/document
POST	/api/manage/order-drafts/:id/cancel	hivemtk-user/internal/controller.(*OrderDraftController).Cancel-fm	/api/manage/order-drafts/*/cancel
POST	/api/manage/order-drafts/:id/confirm	hivemtk-user/internal/controller.(*OrderDraftController).Confirm-fm	/api/manage/order-drafts/*/confirm
POST	/api/marketing-flows/:id/sync-ab-results	hivemtk-user/internal/controller.(*MarketingFlowSyncController).SyncABResults-fm	/api/marketing-flows/*/sync-ab-results
POST	/api/marketing-flows/:id/trigger	hivemtk-user/internal/content/controller.(*MarketingFlowController).Trigger-fm	/api/marketing-flows/*/trigger
POST	/api/opportunity/:id/cancel	hivemtk-user/internal/controller.(*OpportunityController).Cancel-fm	/api/opportunity/*/cancel
POST	/api/opportunity/:id/lost	hivemtk-user/internal/controller.(*OpportunityController).MarkLost-fm	/api/opportunity/*/lost
POST	/api/opportunity/:id/reopen	hivemtk-user/internal/controller.(*OpportunityController).Reopen-fm	/api/opportunity/*/reopen
POST	/api/opportunity/:id/stage	hivemtk-user/internal/controller.(*OpportunityController).MoveStage-fm	/api/opportunity/*/stage
POST	/api/quote/revise/:quoteID	hivemtk-user/internal/controller.(*QuoteController).Revise-fm	/api/quote/revise/*
POST	/api/script-templates/recommend	hivemtk-user/internal/content/controller.(*ScriptTemplateController).RecommendScript-fm	/api/script-templates/recommend
POST	/api/scripts/sync-to-library	hivemtk-user/internal/content/controller.(*ScriptTemplateController).SyncToLibrary-fm	/api/scripts/sync-to-library
POST	/api/sms/delivery/webhook	hivemtk-user/internal/controller.(*SmsDeliveryTrackerController).Webhook-fm	/api/sms/delivery/webhook
POST	/api/sms/draft/send/:id	hivemtk-user/internal/controller.(*SmsController).SendDraft-fm	/api/sms/draft/send/*
POST	/api/sms/job/pause/:id	hivemtk-user/internal/controller.(*SmsController).PauseJob-fm	/api/sms/job/pause/*
POST	/api/sms/job/resume/:id	hivemtk-user/internal/controller.(*SmsController).ResumeJob-fm	/api/sms/job/resume/*
POST	/api/sms/job/stop/:id	hivemtk-user/internal/controller.(*SmsController).StopJob-fm	/api/sms/job/stop/*
POST	/api/sms/unsubscribe/manual-add	hivemtk-user/internal/controller.(*SmsUnsubscribeController).ManualAdd-fm	/api/sms/unsubscribe/manual-add
POST	/api/sms/webhook/inbound	hivemtk-user/internal/controller.(*SmsUnsubscribeController).InboundSmsWebhook-fm	/api/sms/webhook/inbound
POST	/api/whatsapp-cloud/accounts/:id/test-send	hivemtk-user/internal/controller.(*WhatsAppCloudAccountController).TestSend-fm	/api/whatsapp-cloud/accounts/*/test-send
PUT	/api/agent/co-pilot/config	hivemtk-user/internal/controller.(*AgentCoPilotController).SaveConfig-fm	/api/agent/co-pilot/config
PUT	/api/customers/:id/custom-attributes	hivemtk-user/internal/controller.(*GrowthController).SetCustomAttributes-fm	/api/customers/*/custom-attributes
PUT	/api/dingtalk-app/accounts/:id	hivemtk-user/internal/controller.(*DingTalkAppAccountController).Update-fm	/api/dingtalk-app/accounts/*
PUT	/api/geo/dicts	hivemtk-user/internal/geo/controller.(*DictController).Set-fm	/api/geo/dicts
PUT	/api/geo/jobs/:name/schedule	hivemtk-user/internal/geo/controller.(*JobController).UpdateSchedule-fm	/api/geo/jobs/*/schedule
PUT	/api/knowledge-bases/:id/canary	hivemtk-user/internal/controller.(*KnowledgeBaseController).PutCanary-fm	/api/knowledge-bases/*/canary
PUT	/api/wechat/accounts/:id	hivemtk-user/internal/controller.(*WechatController).UpdateAccount-fm	/api/wechat/accounts/*
PUT	/api/whatsapp-cloud/accounts/:id	hivemtk-user/internal/controller.(*WhatsAppCloudAccountController).Update-fm	/api/whatsapp-cloud/accounts/*
